年（和暦）,年（西暦）,種別,性別,数・率
昭和54,1979,世帯数増減,,7675
昭和54,1979,人口増減,総数,30035
昭和54,1979,人口増減,男,14170
昭和54,1979,人口増減,女,15865
昭和54,1979,社会増減,総数,712
昭和54,1979,社会増減,男,-690
昭和54,1979,社会増減,女,1402
昭和54,1979,市外移動_転入,総数,164686
昭和54,1979,市外移動_転入,男,91358
昭和54,1979,市外移動_転入,女,73328
昭和54,1979,市外移動_転出,総数,162397
昭和54,1979,市外移動_転出,男,90597
昭和54,1979,市外移動_転出,女,71800
昭和54,1979,市内移動_転入,総数,83017
昭和54,1979,市内移動_転入,男,43814
昭和54,1979,市内移動_転入,女,39203
昭和54,1979,市内移動_転出,総数,83016
昭和54,1979,市内移動_転出,男,43763
昭和54,1979,市内移動_転出,女,39253
昭和54,1979,その他増減,総数,-1578
昭和54,1979,その他増減,男,-1502
昭和54,1979,その他増減,女,-76
昭和54,1979,自然増減,総数,29323
昭和54,1979,自然増減,男,14860
昭和54,1979,自然増減,女,14463
昭和54,1979,出生,総数,40306
昭和54,1979,出生,男,21027
昭和54,1979,出生,女,19279
昭和54,1979,死亡,総数,10983
昭和54,1979,死亡,男,6167
昭和54,1979,死亡,女,4816
昭和54,1979,人口増減率,,1.09578
昭和54,1979,社会増減率,,0.02598
昭和54,1979,自然増減率,,1.06981
昭和55,1980,世帯数増減,,9628
昭和55,1980,人口増減,総数,27337
昭和55,1980,人口増減,男,14123
昭和55,1980,人口増減,女,13214
昭和55,1980,社会増減,総数,1043
昭和55,1980,社会増減,男,1196
昭和55,1980,社会増減,女,-153
昭和55,1980,市外移動_転入,総数,157616
昭和55,1980,市外移動_転入,男,88468
昭和55,1980,市外移動_転入,女,69148
昭和55,1980,市外移動_転出,総数,156070
昭和55,1980,市外移動_転出,男,87129
昭和55,1980,市外移動_転出,女,68941
昭和55,1980,市内移動_転入,総数,81598
昭和55,1980,市内移動_転入,男,42762
昭和55,1980,市内移動_転入,女,38836
昭和55,1980,市内移動_転出,総数,82022
昭和55,1980,市内移動_転出,男,42878
昭和55,1980,市内移動_転出,女,39144
昭和55,1980,その他増減,総数,-79
昭和55,1980,その他増減,男,-27
昭和55,1980,その他増減,女,-52
昭和55,1980,自然増減,総数,26294
昭和55,1980,自然増減,男,12927
昭和55,1980,自然増減,女,13367
昭和55,1980,出生,総数,37977
昭和55,1980,出生,男,19548
昭和55,1980,出生,女,18429
昭和55,1980,死亡,総数,11683
昭和55,1980,死亡,男,6621
昭和55,1980,死亡,女,5062
昭和55,1980,人口増減率,,0.98654
昭和55,1980,社会増減率,,0.03764
昭和55,1980,自然増減率,,0.9489
昭和56,1981,世帯数増減,,17811
昭和56,1981,人口増減,総数,35502
昭和56,1981,人口増減,男,19049
昭和56,1981,人口増減,女,16453
昭和56,1981,社会増減,総数,10032
昭和56,1981,社会増減,男,6556
昭和56,1981,社会増減,女,3476
昭和56,1981,市外移動_転入,総数,158942
昭和56,1981,市外移動_転入,男,90085
昭和56,1981,市外移動_転入,女,68857
昭和56,1981,市外移動_転出,総数,149921
昭和56,1981,市外移動_転出,男,84145
昭和56,1981,市外移動_転出,女,65776
昭和56,1981,市内移動_転入,総数,77423
昭和56,1981,市内移動_転入,男,40629
昭和56,1981,市内移動_転入,女,36794
昭和56,1981,市内移動_転出,総数,77220
昭和56,1981,市内移動_転出,男,40502
昭和56,1981,市内移動_転出,女,36718
昭和56,1981,その他増減,総数,808
昭和56,1981,その他増減,男,489
昭和56,1981,その他増減,女,319
昭和56,1981,自然増減,総数,25470
昭和56,1981,自然増減,男,12493
昭和56,1981,自然増減,女,12977
昭和56,1981,出生,総数,37493
昭和56,1981,出生,男,19193
昭和56,1981,出生,女,18300
昭和56,1981,死亡,総数,12023
昭和56,1981,死亡,男,6700
昭和56,1981,死亡,女,5323
昭和56,1981,人口増減率,,1.27754
昭和56,1981,社会増減率,,0.361
昭和56,1981,自然増減率,,0.91654
昭和57,1982,世帯数増減,,21570
昭和57,1982,人口増減,総数,42756
昭和57,1982,人口増減,男,23077
昭和57,1982,人口増減,女,19679
昭和57,1982,社会増減,総数,18417
昭和57,1982,社会増減,男,10909
昭和57,1982,社会増減,女,7508
昭和57,1982,市外移動_転入,総数,162855
昭和57,1982,市外移動_転入,男,92832
昭和57,1982,市外移動_転入,女,70023
昭和57,1982,市外移動_転出,総数,145411
昭和57,1982,市外移動_転出,男,82629
昭和57,1982,市外移動_転出,女,62782
昭和57,1982,市内移動_転入,総数,79397
昭和57,1982,市内移動_転入,男,42203
昭和57,1982,市内移動_転入,女,37194
昭和57,1982,市内移動_転出,総数,78776
昭和57,1982,市内移動_転出,男,41622
昭和57,1982,市内移動_転出,女,37154
昭和57,1982,その他増減,総数,352
昭和57,1982,その他増減,男,125
昭和57,1982,その他増減,女,227
昭和57,1982,自然増減,総数,24339
昭和57,1982,自然増減,男,12168
昭和57,1982,自然増減,女,12171
昭和57,1982,出生,総数,36381
昭和57,1982,出生,男,18906
昭和57,1982,出生,女,17475
昭和57,1982,死亡,総数,12042
昭和57,1982,死亡,男,6738
昭和57,1982,死亡,女,5304
昭和57,1982,人口増減率,,1.51916
昭和57,1982,社会増減率,,0.65438
昭和57,1982,自然増減率,,0.86479
昭和58,1983,世帯数増減,,24260
昭和58,1983,人口増減,総数,47155
昭和58,1983,人口増減,男,25224
昭和58,1983,人口増減,女,21931
昭和58,1983,社会増減,総数,22891
昭和58,1983,社会増減,男,13476
昭和58,1983,社会増減,女,9415
昭和58,1983,市外移動_転入,総数,162049
昭和58,1983,市外移動_転入,男,92608
昭和58,1983,市外移動_転入,女,69441
昭和58,1983,市外移動_転出,総数,139659
昭和58,1983,市外移動_転出,男,79411
昭和58,1983,市外移動_転出,女,60248
昭和58,1983,市内移動_転入,総数,77634
昭和58,1983,市内移動_転入,男,40806
昭和58,1983,市内移動_転入,女,36828
昭和58,1983,市内移動_転出,総数,77418
昭和58,1983,市内移動_転出,男,40654
昭和58,1983,市内移動_転出,女,36764
昭和58,1983,その他増減,総数,285
昭和58,1983,その他増減,男,127
昭和58,1983,その他増減,女,158
昭和58,1983,自然増減,総数,24264
昭和58,1983,自然増減,男,11748
昭和58,1983,自然増減,女,12516
昭和58,1983,出生,総数,37179
昭和58,1983,出生,男,19086
昭和58,1983,出生,女,18093
昭和58,1983,死亡,総数,12915
昭和58,1983,死亡,男,7338
昭和58,1983,死亡,女,5577
昭和58,1983,人口増減率,,1.65039
昭和58,1983,社会増減率,,0.80117
昭和58,1983,自然増減率,,0.84922
昭和59,1984,世帯数増減,,24718
昭和59,1984,人口増減,総数,49315
昭和59,1984,人口増減,男,25940
昭和59,1984,人口増減,女,23375
昭和59,1984,社会増減,総数,25882
昭和59,1984,社会増減,男,14493
昭和59,1984,社会増減,女,11389
昭和59,1984,市外移動_転入,総数,163354
昭和59,1984,市外移動_転入,男,93321
昭和59,1984,市外移動_転入,女,70033
昭和59,1984,市外移動_転出,総数,138057
昭和59,1984,市外移動_転出,男,79119
昭和59,1984,市外移動_転出,女,58938
昭和59,1984,市内移動_転入,総数,76805
昭和59,1984,市内移動_転入,男,40426
昭和59,1984,市内移動_転入,女,36379
昭和59,1984,市内移動_転出,総数,76814
昭和59,1984,市内移動_転出,男,40414
昭和59,1984,市内移動_転出,女,36400
昭和59,1984,その他増減,総数,594
昭和59,1984,その他増減,男,279
昭和59,1984,その他増減,女,315
昭和59,1984,自然増減,総数,23433
昭和59,1984,自然増減,男,11447
昭和59,1984,自然増減,女,11986
昭和59,1984,出生,総数,36466
昭和59,1984,出生,男,18787
昭和59,1984,出生,女,17679
昭和59,1984,死亡,総数,13033
昭和59,1984,死亡,男,7340
昭和59,1984,死亡,女,5693
昭和59,1984,人口増減率,,1.69797
昭和59,1984,社会増減率,,0.89115
昭和59,1984,自然増減率,,0.80682
昭和60,1985,世帯数増減,,24969
昭和60,1985,人口増減,総数,49471
昭和60,1985,人口増減,男,26068
昭和60,1985,人口増減,女,23403
昭和60,1985,社会増減,総数,26633
昭和60,1985,社会増減,男,15079
昭和60,1985,社会増減,女,11554
昭和60,1985,市外移動_転入,総数,165318
昭和60,1985,市外移動_転入,男,95343
昭和60,1985,市外移動_転入,女,69975
昭和60,1985,市外移動_転出,総数,138923
昭和60,1985,市外移動_転出,男,80421
昭和60,1985,市外移動_転出,女,58502
昭和60,1985,市内移動_転入,総数,73519
昭和60,1985,市内移動_転入,男,38812
昭和60,1985,市内移動_転入,女,34707
昭和60,1985,市内移動_転出,総数,73936
昭和60,1985,市内移動_転出,男,38994
昭和60,1985,市内移動_転出,女,34942
昭和60,1985,その他増減,総数,655
昭和60,1985,その他増減,男,339
昭和60,1985,その他増減,女,316
昭和60,1985,自然増減,総数,22838
昭和60,1985,自然増減,男,10989
昭和60,1985,自然増減,女,11849
昭和60,1985,出生,総数,36063
昭和60,1985,出生,男,18505
昭和60,1985,出生,女,17558
昭和60,1985,死亡,総数,13225
昭和60,1985,死亡,男,7516
昭和60,1985,死亡,女,5709
昭和60,1985,人口増減率,,1.6749
昭和60,1985,社会増減率,,0.90169
昭和60,1985,自然増減率,,0.77321
昭和61,1986,世帯数増減,,30971
昭和61,1986,人口増減,総数,57605
昭和61,1986,人口増減,男,30977
昭和61,1986,人口増減,女,26628
昭和61,1986,社会増減,総数,36740
昭和61,1986,社会増減,男,20827
昭和61,1986,社会増減,女,15913
昭和61,1986,市外移動_転入,総数,175943
昭和61,1986,市外移動_転入,男,102188
昭和61,1986,市外移動_転入,女,73755
昭和61,1986,市外移動_転出,総数,139712
昭和61,1986,市外移動_転出,男,81657
昭和61,1986,市外移動_転出,女,58055
昭和61,1986,市内移動_転入,総数,78509
昭和61,1986,市内移動_転入,男,41678
昭和61,1986,市内移動_転入,女,36831
昭和61,1986,市内移動_転出,総数,78433
昭和61,1986,市内移動_転出,男,41615
昭和61,1986,市内移動_転出,女,36818
昭和61,1986,その他増減,総数,433
昭和61,1986,その他増減,男,233
昭和61,1986,その他増減,女,200
昭和61,1986,自然増減,総数,20865
昭和61,1986,自然増減,男,10150
昭和61,1986,自然増減,女,10715
昭和61,1986,出生,総数,34461
昭和61,1986,出生,男,17876
昭和61,1986,出生,女,16585
昭和61,1986,死亡,総数,13596
昭和61,1986,死亡,男,7726
昭和61,1986,死亡,女,5870
昭和61,1986,人口増減率,,1.9184
昭和61,1986,社会増減率,,1.22354
昭和61,1986,自然増減率,,0.69486
昭和62,1987,世帯数増減,,30686
昭和62,1987,人口増減,総数,57776
昭和62,1987,人口増減,男,30250
昭和62,1987,人口増減,女,27526
昭和62,1987,社会増減,総数,36805
昭和62,1987,社会増減,男,20276
昭和62,1987,社会増減,女,16529
昭和62,1987,市外移動_転入,総数,181661
昭和62,1987,市外移動_転入,男,105106
昭和62,1987,市外移動_転入,女,76555
昭和62,1987,市外移動_転出,総数,145034
昭和62,1987,市外移動_転出,男,84841
昭和62,1987,市外移動_転出,女,60193
昭和62,1987,市内移動_転入,総数,78731
昭和62,1987,市内移動_転入,男,42129
昭和62,1987,市内移動_転入,女,36602
昭和62,1987,市内移動_転出,総数,78190
昭和62,1987,市内移動_転出,男,41861
昭和62,1987,市内移動_転出,女,36329
昭和62,1987,その他増減,総数,-363
昭和62,1987,その他増減,男,-257
昭和62,1987,その他増減,女,-106
昭和62,1987,自然増減,総数,20971
昭和62,1987,自然増減,男,9974
昭和62,1987,自然増減,女,10997
昭和62,1987,出生,総数,34773
昭和62,1987,出生,男,17858
昭和62,1987,出生,女,16915
昭和62,1987,死亡,総数,13802
昭和62,1987,死亡,男,7884
昭和62,1987,死亡,女,5918
昭和62,1987,人口増減率,,1.88788
昭和62,1987,社会増減率,,1.20264
昭和62,1987,自然増減率,,0.68525
昭和63,1988,世帯数増減,,27822
昭和63,1988,人口増減,総数,42157
昭和63,1988,人口増減,男,21974
昭和63,1988,人口増減,女,20183
昭和63,1988,社会増減,総数,21590
昭和63,1988,社会増減,男,12109
昭和63,1988,社会増減,女,9481
昭和63,1988,市外移動_転入,総数,174968
昭和63,1988,市外移動_転入,男,102059
昭和63,1988,市外移動_転入,女,72909
昭和63,1988,市外移動_転出,総数,153560
昭和63,1988,市外移動_転出,男,89904
昭和63,1988,市外移動_転出,女,63656
昭和63,1988,市内移動_転入,総数,76504
昭和63,1988,市内移動_転入,男,41260
昭和63,1988,市内移動_転入,女,35244
昭和63,1988,市内移動_転出,総数,76716
昭和63,1988,市内移動_転出,男,41424
昭和63,1988,市内移動_転出,女,35292
昭和63,1988,その他増減,総数,394
昭和63,1988,その他増減,男,118
昭和63,1988,その他増減,女,276
昭和63,1988,自然増減,総数,20567
昭和63,1988,自然増減,男,9865
昭和63,1988,自然増減,女,10702
昭和63,1988,出生,総数,35321
昭和63,1988,出生,男,18132
昭和63,1988,出生,女,17189
昭和63,1988,死亡,総数,14754
昭和63,1988,死亡,男,8267
昭和63,1988,死亡,女,6487
昭和63,1988,人口増減率,,1.35199
昭和63,1988,社会増減率,,0.6924
昭和63,1988,自然増減率,,0.65959
平成元,1989,世帯数増減,,29543
平成元,1989,人口増減,総数,38737
平成元,1989,人口増減,男,21240
平成元,1989,人口増減,女,17497
平成元,1989,社会増減,総数,20559
平成元,1989,社会増減,男,12569
平成元,1989,社会増減,女,7990
平成元,1989,市外移動_転入,総数,177756
平成元,1989,市外移動_転入,男,104593
平成元,1989,市外移動_転入,女,73163
平成元,1989,市外移動_転出,総数,157841
平成元,1989,市外移動_転出,男,92455
平成元,1989,市外移動_転出,女,65386
平成元,1989,市内移動_転入,総数,79940
平成元,1989,市内移動_転入,男,43282
平成元,1989,市内移動_転入,女,36658
平成元,1989,市内移動_転出,総数,79943
平成元,1989,市内移動_転出,男,43170
平成元,1989,市内移動_転出,女,36773
平成元,1989,その他増減,総数,647
平成元,1989,その他増減,男,319
平成元,1989,その他増減,女,328
平成元,1989,自然増減,総数,18178
平成元,1989,自然増減,男,8671
平成元,1989,自然増減,女,9507
平成元,1989,出生,総数,32774
平成元,1989,出生,男,16910
平成元,1989,出生,女,15864
平成元,1989,死亡,総数,14596
平成元,1989,死亡,男,8239
平成元,1989,死亡,女,6357
平成元,1989,人口増減率,,1.22574
平成元,1989,社会増減率,,0.65054
平成元,1989,自然増減率,,0.5752
平成２,1990,世帯数増減,,27847
平成２,1990,人口増減,総数,35294
平成２,1990,人口増減,男,18306
平成２,1990,人口増減,女,16988
平成２,1990,社会増減,総数,18276
平成２,1990,社会増減,男,10426
平成２,1990,社会増減,女,7850
平成２,1990,市外移動_転入,総数,181160
平成２,1990,市外移動_転入,男,106595
平成２,1990,市外移動_転入,女,74565
平成２,1990,市外移動_転出,総数,162949
平成２,1990,市外移動_転出,男,96125
平成２,1990,市外移動_転出,女,66824
平成２,1990,市内移動_転入,総数,82361
平成２,1990,市内移動_転入,男,44557
平成２,1990,市内移動_転入,女,37804
平成２,1990,市内移動_転出,総数,82911
平成２,1990,市内移動_転出,男,44882
平成２,1990,市内移動_転出,女,38029
平成２,1990,その他増減,総数,615
平成２,1990,その他増減,男,281
平成２,1990,その他増減,女,334
平成２,1990,自然増減,総数,17018
平成２,1990,自然増減,男,7880
平成２,1990,自然増減,女,9138
平成２,1990,出生,総数,32746
平成２,1990,出生,男,16786
平成２,1990,出生,女,15960
平成２,1990,死亡,総数,15728
平成２,1990,死亡,男,8906
平成２,1990,死亡,女,6822
平成２,1990,人口増減率,,1.10327
平成２,1990,社会増減率,,0.5713
平成２,1990,自然増減率,,0.53197
平成３,1991,世帯数増減,,24315
平成３,1991,人口増減,総数,30013
平成３,1991,人口増減,男,14512
平成３,1991,人口増減,女,15501
平成３,1991,社会増減,総数,12852
平成３,1991,社会増減,男,6477
平成３,1991,社会増減,女,6375
平成３,1991,市外移動_転入,総数,175427
平成３,1991,市外移動_転入,男,103049
平成３,1991,市外移動_転入,女,72378
平成３,1991,市外移動_転出,総数,165019
平成３,1991,市外移動_転出,男,97512
平成３,1991,市外移動_転出,女,67507
平成３,1991,市内移動_転入,総数,77500
平成３,1991,市内移動_転入,男,42023
平成３,1991,市内移動_転入,女,35477
平成３,1991,市内移動_転出,総数,76355
平成３,1991,市内移動_転出,男,41376
平成３,1991,市内移動_転出,女,34979
平成３,1991,その他増減,総数,1299
平成３,1991,その他増減,男,293
平成３,1991,その他増減,女,1006
平成３,1991,自然増減,総数,17161
平成３,1991,自然増減,男,8035
平成３,1991,自然増減,女,9126
平成３,1991,出生,総数,33651
平成３,1991,出生,男,17265
平成３,1991,出生,女,16386
平成３,1991,死亡,総数,16490
平成３,1991,死亡,男,9230
平成３,1991,死亡,女,7260
平成３,1991,人口増減率,,0.93041
平成３,1991,社会増減率,,0.39841
平成３,1991,自然増減率,,0.53199
平成４,1992,世帯数増減,,21653
平成４,1992,人口増減,総数,20703
平成４,1992,人口増減,男,8797
平成４,1992,人口増減,女,11906
平成４,1992,社会増減,総数,4820
平成４,1992,社会増減,男,1522
平成４,1992,社会増減,女,3298
平成４,1992,市外移動_転入,総数,174042
平成４,1992,市外移動_転入,男,101393
平成４,1992,市外移動_転入,女,72649
平成４,1992,市外移動_転出,総数,169942
平成４,1992,市外移動_転出,男,100013
平成４,1992,市外移動_転出,女,69929
平成４,1992,市内移動_転入,総数,79321
平成４,1992,市内移動_転入,男,42616
平成４,1992,市内移動_転入,女,36705
平成４,1992,市内移動_転出,総数,78995
平成４,1992,市内移動_転出,男,42394
平成４,1992,市内移動_転出,女,36601
平成４,1992,その他増減,総数,394
平成４,1992,その他増減,男,-80
平成４,1992,その他増減,女,474
平成４,1992,自然増減,総数,15883
平成４,1992,自然増減,男,7275
平成４,1992,自然増減,女,8608
平成４,1992,出生,総数,32896
平成４,1992,出生,男,16937
平成４,1992,出生,女,15959
平成４,1992,死亡,総数,17013
平成４,1992,死亡,男,9662
平成４,1992,死亡,女,7351
平成４,1992,人口増減率,,0.63588
平成４,1992,社会増減率,,0.14804
平成４,1992,自然増減率,,0.48784
平成５,1993,世帯数増減,,17682
平成５,1993,人口増減,総数,15365
平成５,1993,人口増減,男,5399
平成５,1993,人口増減,女,9966
平成５,1993,社会増減,総数,138
平成５,1993,社会増減,男,-1440
平成５,1993,社会増減,女,1578
平成５,1993,市外移動_転入,総数,170920
平成５,1993,市外移動_転入,男,97993
平成５,1993,市外移動_転入,女,72927
平成５,1993,市外移動_転出,総数,171532
平成５,1993,市外移動_転出,男,99528
平成５,1993,市外移動_転出,女,72004
平成５,1993,市内移動_転入,総数,87901
平成５,1993,市内移動_転入,男,46240
平成５,1993,市内移動_転入,女,41661
平成５,1993,市内移動_転出,総数,87660
平成５,1993,市内移動_転出,男,46074
平成５,1993,市内移動_転出,女,41586
平成５,1993,その他増減,総数,509
平成５,1993,その他増減,男,-71
平成５,1993,その他増減,女,580
平成５,1993,自然増減,総数,15227
平成５,1993,自然増減,男,6839
平成５,1993,自然増減,女,8388
平成５,1993,出生,総数,32692
平成５,1993,出生,男,16670
平成５,1993,出生,女,16022
平成５,1993,死亡,総数,17465
平成５,1993,死亡,男,9831
平成５,1993,死亡,女,7634
平成５,1993,人口増減率,,0.46895
平成５,1993,社会増減率,,0.00421
平成５,1993,自然増減率,,0.46474
平成６,1994,世帯数増減,,13299
平成６,1994,人口増減,総数,11208
平成６,1994,人口増減,男,2641
平成６,1994,人口増減,女,8567
平成６,1994,社会増減,総数,-5852
平成６,1994,社会増減,男,-5061
平成６,1994,社会増減,女,-791
平成６,1994,市外移動_転入,総数,167606
平成６,1994,市外移動_転入,男,94718
平成６,1994,市外移動_転入,女,72888
平成６,1994,市外移動_転出,総数,173949
平成６,1994,市外移動_転出,男,99749
平成６,1994,市外移動_転出,女,74200
平成６,1994,市内移動_転入,総数,93841
平成６,1994,市内移動_転入,男,49368
平成６,1994,市内移動_転入,女,44473
平成６,1994,市内移動_転出,総数,93592
平成６,1994,市内移動_転出,男,49193
平成６,1994,市内移動_転出,女,44399
平成６,1994,その他増減,総数,242
平成６,1994,その他増減,男,-205
平成６,1994,その他増減,女,447
平成６,1994,自然増減,総数,17060
平成６,1994,自然増減,男,7702
平成６,1994,自然増減,女,9358
平成６,1994,出生,総数,34617
平成６,1994,出生,男,17684
平成６,1994,出生,女,16933
平成６,1994,死亡,総数,17557
平成６,1994,死亡,男,9982
平成６,1994,死亡,女,7575
平成６,1994,人口増減率,,0.34048
平成６,1994,社会増減率,,-0.17777
平成６,1994,自然増減率,,0.51825
平成７,1995,世帯数増減,,15649
平成７,1995,人口増減,総数,7049
平成７,1995,人口増減,男,1547
平成７,1995,人口増減,女,5502
平成７,1995,社会増減,総数,-6987
平成７,1995,社会増減,男,-4816
平成７,1995,社会増減,女,-2171
平成７,1995,市外移動_転入,総数,161795
平成７,1995,市外移動_転入,男,91477
平成７,1995,市外移動_転入,女,70318
平成７,1995,市外移動_転出,総数,169462
平成７,1995,市外移動_転出,男,96398
平成７,1995,市外移動_転出,女,73064
平成７,1995,市内移動_転入,総数,97154
平成７,1995,市内移動_転入,男,50908
平成７,1995,市内移動_転入,女,46246
平成７,1995,市内移動_転出,総数,96860
平成７,1995,市内移動_転出,男,50691
平成７,1995,市内移動_転出,女,46169
平成７,1995,その他増減,総数,386
平成７,1995,その他増減,男,-112
平成７,1995,その他増減,女,498
平成７,1995,自然増減,総数,14036
平成７,1995,自然増減,男,6363
平成７,1995,自然増減,女,7673
平成７,1995,出生,総数,32899
平成７,1995,出生,男,16886
平成７,1995,出生,女,16013
平成７,1995,死亡,総数,18863
平成７,1995,死亡,男,10523
平成７,1995,死亡,女,8340
平成７,1995,人口増減率,,0.21341
平成７,1995,社会増減率,,-0.21153
平成７,1995,自然増減率,,0.42494
平成８,1996,世帯数増減,,19603
平成８,1996,人口増減,総数,15650
平成８,1996,人口増減,男,5008
平成８,1996,人口増減,女,10642
平成８,1996,社会増減,総数,570
平成８,1996,社会増減,男,-1587
平成８,1996,社会増減,女,2157
平成８,1996,市外移動_転入,総数,161504
平成８,1996,市外移動_転入,男,90261
平成８,1996,市外移動_転入,女,71243
平成８,1996,市外移動_転出,総数,161622
平成８,1996,市外移動_転出,男,92033
平成８,1996,市外移動_転出,女,69589
平成８,1996,市内移動_転入,総数,97649
平成８,1996,市内移動_転入,男,50543
平成８,1996,市内移動_転入,女,47106
平成８,1996,市内移動_転出,総数,97346
平成８,1996,市内移動_転出,男,50334
平成８,1996,市内移動_転出,女,47012
平成８,1996,その他増減,総数,385
平成８,1996,その他増減,男,-24
平成８,1996,その他増減,女,409
平成８,1996,自然増減,総数,15080
平成８,1996,自然増減,男,6595
平成８,1996,自然増減,女,8485
平成８,1996,出生,総数,33567
平成８,1996,出生,男,17146
平成８,1996,出生,女,16421
平成８,1996,死亡,総数,18487
平成８,1996,死亡,男,10551
平成８,1996,死亡,女,7936
平成８,1996,人口増減率,,0.47
平成８,1996,社会増減率,,0.02
平成８,1996,自然増減率,,0.46
平成９,1997,世帯数増減,,21662
平成９,1997,人口増減,総数,20373
平成９,1997,人口増減,男,8147
平成９,1997,人口増減,女,12226
平成９,1997,社会増減,総数,6023
平成９,1997,社会増減,男,1888
平成９,1997,社会増減,女,4135
平成９,1997,市外移動_転入,総数,163280
平成９,1997,市外移動_転入,男,91285
平成９,1997,市外移動_転入,女,71995
平成９,1997,市外移動_転出,総数,157828
平成９,1997,市外移動_転出,男,89470
平成９,1997,市外移動_転出,女,68358
平成９,1997,市内移動_転入,総数,93844
平成９,1997,市内移動_転入,男,49112
平成９,1997,市内移動_転入,女,44732
平成９,1997,市内移動_転出,総数,93610
平成９,1997,市内移動_転出,男,48942
平成９,1997,市内移動_転出,女,44668
平成９,1997,その他増減,総数,337
平成９,1997,その他増減,男,-97
平成９,1997,その他増減,女,434
平成９,1997,自然増減,総数,14350
平成９,1997,自然増減,男,6259
平成９,1997,自然増減,女,8091
平成９,1997,出生,総数,33273
平成９,1997,出生,男,16927
平成９,1997,出生,女,16346
平成９,1997,死亡,総数,18923
平成９,1997,死亡,男,10668
平成９,1997,死亡,女,8255
平成９,1997,人口増減率,,0.61285
平成９,1997,社会増減率,,0.18118
平成９,1997,自然増減率,,0.43167
平成10,1998,世帯数増減,,25972
平成10,1998,人口増減,総数,28262
平成10,1998,人口増減,男,12830
平成10,1998,人口増減,女,15432
平成10,1998,社会増減,総数,13870
平成10,1998,社会増減,男,6554
平成10,1998,社会増減,女,7316
平成10,1998,市外移動_転入,総数,165655
平成10,1998,市外移動_転入,男,92932
平成10,1998,市外移動_転入,女,72723
平成10,1998,市外移動_転出,総数,152481
平成10,1998,市外移動_転出,男,86468
平成10,1998,市外移動_転出,女,66013
平成10,1998,市内移動_転入,総数,90242
平成10,1998,市内移動_転入,男,47238
平成10,1998,市内移動_転入,女,43004
平成10,1998,市内移動_転出,総数,89989
平成10,1998,市内移動_転出,男,47072
平成10,1998,市内移動_転出,女,42917
平成10,1998,その他増減,総数,443
平成10,1998,その他増減,男,-76
平成10,1998,その他増減,女,519
平成10,1998,自然増減,総数,14392
平成10,1998,自然増減,男,6276
平成10,1998,自然増減,女,8116
平成10,1998,出生,総数,34547
平成10,1998,出生,男,17742
平成10,1998,出生,女,16805
平成10,1998,死亡,総数,20155
平成10,1998,死亡,男,11466
平成10,1998,死亡,女,8689
平成10,1998,人口増減率,,0.84499
平成10,1998,社会増減率,,0.41469
平成10,1998,自然増減率,,0.43
平成11,1999,世帯数増減,,24245
平成11,1999,人口増減,総数,24979
平成11,1999,人口増減,男,10418
平成11,1999,人口増減,女,14561
平成11,1999,社会増減,総数,11747
平成11,1999,社会増減,男,4890
平成11,1999,社会増減,女,6857
平成11,1999,市外移動_転入,総数,164918
平成11,1999,市外移動_転入,男,91507
平成11,1999,市外移動_転入,女,73411
平成11,1999,市外移動_転出,総数,153616
平成11,1999,市外移動_転出,男,86532
平成11,1999,市外移動_転出,女,67084
平成11,1999,市内移動_転入,総数,91176
平成11,1999,市内移動_転入,男,47699
平成11,1999,市内移動_転入,女,43477
平成11,1999,市内移動_転出,総数,90908
平成11,1999,市内移動_転出,男,47520
平成11,1999,市内移動_転出,女,43388
平成11,1999,その他増減,総数,177
平成11,1999,その他増減,男,-264
平成11,1999,その他増減,女,441
平成11,1999,自然増減,総数,13232
平成11,1999,自然増減,男,5528
平成11,1999,自然増減,女,7704
平成11,1999,出生,総数,33676
平成11,1999,出生,男,17187
平成11,1999,出生,女,16489
平成11,1999,死亡,総数,20444
平成11,1999,死亡,男,11659
平成11,1999,死亡,女,8785
平成11,1999,人口増減率,,0.74058
平成11,1999,社会増減率,,0.34827
平成11,1999,自然増減率,,0.3923
平成12,2000,世帯数増減,,26552
平成12,2000,人口増減,総数,30161
平成12,2000,人口増減,男,12687
平成12,2000,人口増減,女,17474
平成12,2000,社会増減,総数,16229
平成12,2000,社会増減,男,6967
平成12,2000,社会増減,女,9262
平成12,2000,市外移動_転入,総数,166939
平成12,2000,市外移動_転入,男,91489
平成12,2000,市外移動_転入,女,75450
平成12,2000,市外移動_転出,総数,150866
平成12,2000,市外移動_転出,男,84266
平成12,2000,市外移動_転出,女,66600
平成12,2000,市内移動_転入,総数,92320
平成12,2000,市内移動_転入,男,47569
平成12,2000,市内移動_転入,女,44751
平成12,2000,市内移動_転出,総数,92064
平成12,2000,市内移動_転出,男,47372
平成12,2000,市内移動_転出,女,44692
平成12,2000,その他増減,総数,-100
平成12,2000,その他増減,男,-453
平成12,2000,その他増減,女,353
平成12,2000,自然増減,総数,13932
平成12,2000,自然増減,男,5720
平成12,2000,自然増減,女,8212
平成12,2000,出生,総数,34295
平成12,2000,出生,男,17401
平成12,2000,出生,女,16894
平成12,2000,死亡,総数,20363
平成12,2000,死亡,男,11681
平成12,2000,死亡,女,8682
平成12,2000,人口増減率,,0.88764
平成12,2000,社会増減率,,0.47762
平成12,2000,自然増減率,,0.41002
平成13,2001,世帯数増減,,32535
平成13,2001,人口増減,総数,36405
平成13,2001,人口増減,男,16656
平成13,2001,人口増減,女,19749
平成13,2001,社会増減,総数,23376
平成13,2001,社会増減,男,11063
平成13,2001,社会増減,女,12313
平成13,2001,市外移動_転入,総数,171197
平成13,2001,市外移動_転入,男,93426
平成13,2001,市外移動_転入,女,77771
平成13,2001,市外移動_転出,総数,148076
平成13,2001,市外移動_転出,男,82145
平成13,2001,市外移動_転出,女,65931
平成13,2001,市内移動_転入,総数,91421
平成13,2001,市内移動_転入,男,47526
平成13,2001,市内移動_転入,女,43895
平成13,2001,市内移動_転出,総数,91149
平成13,2001,市内移動_転出,男,47332
平成13,2001,市内移動_転出,女,43817
平成13,2001,その他増減,総数,-17
平成13,2001,その他増減,男,-412
平成13,2001,その他増減,女,395
平成13,2001,自然増減,総数,13029
平成13,2001,自然増減,男,5593
平成13,2001,自然増減,女,7436
平成13,2001,出生,総数,33722
平成13,2001,出生,男,17380
平成13,2001,出生,女,16342
平成13,2001,死亡,総数,20693
平成13,2001,死亡,男,11787
平成13,2001,死亡,女,8906
平成13,2001,人口増減率,,1.06058
平成13,2001,社会増減率,,0.68101
平成13,2001,自然増減率,,0.37957
平成14,2002,世帯数増減,,30439
平成14,2002,人口増減,総数,34074
平成14,2002,人口増減,男,15101
平成14,2002,人口増減,女,18973
平成14,2002,社会増減,総数,21668
平成14,2002,社会増減,男,10194
平成14,2002,社会増減,女,11474
平成14,2002,市外移動_転入,総数,168252
平成14,2002,市外移動_転入,男,91535
平成14,2002,市外移動_転入,女,76717
平成14,2002,市外移動_転出,総数,147176
平成14,2002,市外移動_転出,男,81367
平成14,2002,市外移動_転出,女,65809
平成14,2002,市内移動_転入,総数,88564
平成14,2002,市内移動_転入,男,45841
平成14,2002,市内移動_転入,女,42723
平成14,2002,市内移動_転出,総数,88312
平成14,2002,市内移動_転出,男,45658
平成14,2002,市内移動_転出,女,42654
平成14,2002,その他増減,総数,340
平成14,2002,その他増減,男,-157
平成14,2002,その他増減,女,497
平成14,2002,自然増減,総数,12406
平成14,2002,自然増減,男,4907
平成14,2002,自然増減,女,7499
平成14,2002,出生,総数,33699
平成14,2002,出生,男,16969
平成14,2002,出生,女,16730
平成14,2002,死亡,総数,21293
平成14,2002,死亡,男,12062
平成14,2002,死亡,女,9231
平成14,2002,人口増減率,,0.98221
平成14,2002,社会増減率,,0.6246
平成14,2002,自然増減率,,0.35761
平成15,2003,世帯数増減,,27497
平成15,2003,人口増減,総数,29509
平成15,2003,人口増減,男,12640
平成15,2003,人口増減,女,16869
平成15,2003,社会増減,総数,17986
平成15,2003,社会増減,男,7919
平成15,2003,社会増減,女,10067
平成15,2003,市外移動_転入,総数,167648
平成15,2003,市外移動_転入,男,90497
平成15,2003,市外移動_転入,女,77151
平成15,2003,市外移動_転出,総数,150193
平成15,2003,市外移動_転出,男,82503
平成15,2003,市外移動_転出,女,67690
平成15,2003,市内移動_転入,総数,89489
平成15,2003,市内移動_転入,男,46493
平成15,2003,市内移動_転入,女,42996
平成15,2003,市内移動_転出,総数,89237
平成15,2003,市内移動_転出,男,46317
平成15,2003,市内移動_転出,女,42920
平成15,2003,その他増減,総数,279
平成15,2003,その他増減,男,-251
平成15,2003,その他増減,女,530
平成15,2003,自然増減,総数,11523
平成15,2003,自然増減,男,4721
平成15,2003,自然増減,女,6802
平成15,2003,出生,総数,33271
平成15,2003,出生,男,17104
平成15,2003,出生,女,16167
平成15,2003,死亡,総数,21748
平成15,2003,死亡,男,12383
平成15,2003,死亡,女,9365
平成15,2003,人口増減率,,0.85062
平成15,2003,社会増減率,,0.51846
平成15,2003,自然増減率,,0.33216
平成16,2004,世帯数増減,,24476
平成16,2004,人口増減,総数,27176
平成16,2004,人口増減,男,11503
平成16,2004,人口増減,女,15673
平成16,2004,社会増減,総数,16449
平成16,2004,社会増減,男,7225
平成16,2004,社会増減,女,9224
平成16,2004,市外移動_転入,総数,163112
平成16,2004,市外移動_転入,男,88085
平成16,2004,市外移動_転入,女,75027
平成16,2004,市外移動_転出,総数,147542
平成16,2004,市外移動_転出,男,81073
平成16,2004,市外移動_転出,女,66469
平成16,2004,市内移動_転入,総数,86308
平成16,2004,市内移動_転入,男,44719
平成16,2004,市内移動_転入,女,41589
平成16,2004,市内移動_転出,総数,86066
平成16,2004,市内移動_転出,男,44542
平成16,2004,市内移動_転出,女,41524
平成16,2004,その他増減,総数,637
平成16,2004,その他増減,男,36
平成16,2004,その他増減,女,601
平成16,2004,自然増減,総数,10727
平成16,2004,自然増減,男,4278
平成16,2004,自然増減,女,6449
平成16,2004,出生,総数,33238
平成16,2004,出生,男,17124
平成16,2004,出生,女,16114
平成16,2004,死亡,総数,22511
平成16,2004,死亡,男,12846
平成16,2004,死亡,女,9665
平成16,2004,人口増減率,,0.78337
平成16,2004,社会増減率,,0.47416
平成16,2004,自然増減率,,0.30921
平成17,2005,世帯数増減,,24144
平成17,2005,人口増減,総数,23119
平成17,2005,人口増減,男,9435
平成17,2005,人口増減,女,13684
平成17,2005,社会増減,総数,14875
平成17,2005,社会増減,男,6301
平成17,2005,社会増減,女,8574
平成17,2005,市外移動_転入,総数,160213
平成17,2005,市外移動_転入,男,86724
平成17,2005,市外移動_転入,女,73489
平成17,2005,市外移動_転出,総数,146020
平成17,2005,市外移動_転出,男,80515
平成17,2005,市外移動_転出,女,65505
平成17,2005,市内移動_転入,総数,81797
平成17,2005,市内移動_転入,男,42381
平成17,2005,市内移動_転入,女,39416
平成17,2005,市内移動_転出,総数,81623
平成17,2005,市内移動_転出,男,42252
平成17,2005,市内移動_転出,女,39371
平成17,2005,その他増減,総数,508
平成17,2005,その他増減,男,-37
平成17,2005,その他増減,女,545
平成17,2005,自然増減,総数,8244
平成17,2005,自然増減,男,3134
平成17,2005,自然増減,女,5110
平成17,2005,出生,総数,31722
平成17,2005,出生,男,16323
平成17,2005,出生,女,15399
平成17,2005,死亡,総数,23478
平成17,2005,死亡,男,13189
平成17,2005,死亡,女,10289
平成17,2005,人口増減率,,0.64943
平成17,2005,社会増減率,,0.41785
平成17,2005,自然増減率,,0.23158
平成18,2006,世帯数増減,,25148
平成18,2006,人口増減,総数,21874
平成18,2006,人口増減,男,9327
平成18,2006,人口増減,女,12547
平成18,2006,社会増減,総数,12628
平成18,2006,社会増減,男,5671
平成18,2006,社会増減,女,6957
平成18,2006,市外移動_転入,総数,158738
平成18,2006,市外移動_転入,男,86538
平成18,2006,市外移動_転入,女,72200
平成18,2006,市外移動_転出,総数,146852
平成18,2006,市外移動_転出,男,81081
平成18,2006,市外移動_転出,女,65771
平成18,2006,市内移動_転入,総数,79836
平成18,2006,市内移動_転入,男,41736
平成18,2006,市内移動_転入,女,38100
平成18,2006,市内移動_転出,総数,79692
平成18,2006,市内移動_転出,男,41630
平成18,2006,市内移動_転出,女,38062
平成18,2006,その他増減,総数,598
平成18,2006,その他増減,男,108
平成18,2006,その他増減,女,490
平成18,2006,自然増減,総数,9246
平成18,2006,自然増減,男,3656
平成18,2006,自然増減,女,5590
平成18,2006,出生,総数,33023
平成18,2006,出生,男,17056
平成18,2006,出生,女,15967
平成18,2006,死亡,総数,23777
平成18,2006,死亡,男,13400
平成18,2006,死亡,女,10377
平成18,2006,人口増減率,,0.61025
平成18,2006,社会増減率,,0.3523
平成18,2006,自然増減率,,0.25795
平成19,2007,世帯数増減,,26545
平成19,2007,人口増減,総数,24439
平成19,2007,人口増減,男,10802
平成19,2007,人口増減,女,13637
平成19,2007,社会増減,総数,15951
平成19,2007,社会増減,男,7645
平成19,2007,社会増減,女,8306
平成19,2007,市外移動_転入,総数,161065
平成19,2007,市外移動_転入,男,88492
平成19,2007,市外移動_転入,女,72573
平成19,2007,市外移動_転出,総数,145772
平成19,2007,市外移動_転出,男,80906
平成19,2007,市外移動_転出,女,64866
平成19,2007,市内移動_転入,総数,80946
平成19,2007,市内移動_転入,男,42483
平成19,2007,市内移動_転入,女,38463
平成19,2007,市内移動_転出,総数,80791
平成19,2007,市内移動_転出,男,42374
平成19,2007,市内移動_転出,女,38417
平成19,2007,その他増減,総数,503
平成19,2007,その他増減,男,-50
平成19,2007,その他増減,女,553
平成19,2007,自然増減,総数,8488
平成19,2007,自然増減,男,3157
平成19,2007,自然増減,女,5331
平成19,2007,出生,総数,33122
平成19,2007,出生,男,17011
平成19,2007,出生,女,16111
平成19,2007,死亡,総数,24634
平成19,2007,死亡,男,13854
平成19,2007,死亡,女,10780
平成19,2007,人口増減率,,0.67758
平成19,2007,社会増減率,,0.44225
平成19,2007,自然増減率,,0.23533
平成20,2008,世帯数増減,,24988
平成20,2008,人口増減,総数,23191
平成20,2008,人口増減,男,9748
平成20,2008,人口増減,女,13443
平成20,2008,社会増減,総数,16049
平成20,2008,社会増減,男,7223
平成20,2008,社会増減,女,8826
平成20,2008,市外移動_転入,総数,158311
平成20,2008,市外移動_転入,男,86481
平成20,2008,市外移動_転入,女,71830
平成20,2008,市外移動_転出,総数,143248
平成20,2008,市外移動_転出,男,79655
平成20,2008,市外移動_転出,女,63593
平成20,2008,市内移動_転入,総数,76794
平成20,2008,市内移動_転入,男,40152
平成20,2008,市内移動_転入,女,36642
平成20,2008,市内移動_転出,総数,76692
平成20,2008,市内移動_転出,男,40067
平成20,2008,市内移動_転出,女,36625
平成20,2008,その他増減,総数,884
平成20,2008,その他増減,男,312
平成20,2008,その他増減,女,572
平成20,2008,自然増減,総数,7142
平成20,2008,自然増減,男,2525
平成20,2008,自然増減,女,4617
平成20,2008,出生,総数,32694
平成20,2008,出生,男,16804
平成20,2008,出生,女,15890
平成20,2008,死亡,総数,25552
平成20,2008,死亡,男,14279
平成20,2008,死亡,女,11273
平成20,2008,人口増減率,,0.63865
平成20,2008,社会増減率,,0.44197
平成20,2008,自然増減率,,0.19668
平成21,2009,世帯数増減,,19218
平成21,2009,人口増減,総数,18362
平成21,2009,人口増減,男,7091
平成21,2009,人口増減,女,11271
平成21,2009,社会増減,総数,11440
平成21,2009,社会増減,男,4832
平成21,2009,社会増減,女,6608
平成21,2009,市外移動_転入,総数,153945
平成21,2009,市外移動_転入,男,84154
平成21,2009,市外移動_転入,女,69791
平成21,2009,市外移動_転出,総数,143369
平成21,2009,市外移動_転出,男,79692
平成21,2009,市外移動_転出,女,63677
平成21,2009,市内移動_転入,総数,77419
平成21,2009,市内移動_転入,男,40323
平成21,2009,市内移動_転入,女,37096
平成21,2009,市内移動_転出,総数,77308
平成21,2009,市内移動_転出,男,40230
平成21,2009,市内移動_転出,女,37078
平成21,2009,その他増減,総数,753
平成21,2009,その他増減,男,277
平成21,2009,その他増減,女,476
平成21,2009,自然増減,総数,6922
平成21,2009,自然増減,男,2259
平成21,2009,自然増減,女,4663
平成21,2009,出生,総数,32816
平成21,2009,出生,男,16732
平成21,2009,出生,女,16084
平成21,2009,死亡,総数,25894
平成21,2009,死亡,男,14473
平成21,2009,死亡,女,11421
平成21,2009,人口増減率,,0.50246
平成21,2009,社会増減率,,0.31304
平成21,2009,自然増減率,,0.18941
平成22,2010,世帯数増減,,12492
平成22,2010,人口増減,総数,8389
平成22,2010,人口増減,男,1096
平成22,2010,人口増減,女,7293
平成22,2010,社会増減,総数,3215
平成22,2010,社会増減,男,-181
平成22,2010,社会増減,女,3396
平成22,2010,市外移動_転入,総数,145701
平成22,2010,市外移動_転入,男,78377
平成22,2010,市外移動_転入,女,67324
平成22,2010,市外移動_転出,総数,143460
平成22,2010,市外移動_転出,男,78989
平成22,2010,市外移動_転出,女,64471
平成22,2010,市内移動_転入,総数,74416
平成22,2010,市内移動_転入,男,38553
平成22,2010,市内移動_転入,女,35863
平成22,2010,市内移動_転出,総数,74328
平成22,2010,市内移動_転出,男,38487
平成22,2010,市内移動_転出,女,35841
平成22,2010,その他増減,総数,886
平成22,2010,その他増減,男,365
平成22,2010,その他増減,女,521
平成22,2010,自然増減,総数,5174
平成22,2010,自然増減,男,1277
平成22,2010,自然増減,女,3897
平成22,2010,出生,総数,32747
平成22,2010,出生,男,16688
平成22,2010,出生,女,16059
平成22,2010,死亡,総数,27573
平成22,2010,死亡,男,15411
平成22,2010,死亡,女,12162
平成22,2010,人口増減率,,0.22841
平成22,2010,社会増減率,,0.08754
平成22,2010,自然増減率,,0.14087
平成23,2011,世帯数増減,,10585
平成23,2011,人口増減,総数,2218
平成23,2011,人口増減,男,-1802
平成23,2011,人口増減,女,4020
平成23,2011,社会増減,総数,-590
平成23,2011,社会増減,男,-2323
平成23,2011,社会増減,女,1733
平成23,2011,市外移動_転入,総数,139112
平成23,2011,市外移動_転入,男,74830
平成23,2011,市外移動_転入,女,64282
平成23,2011,市外移動_転出,総数,139905
平成23,2011,市外移動_転出,男,76958
平成23,2011,市外移動_転出,女,62947
平成23,2011,市内移動_転入,総数,71850
平成23,2011,市内移動_転入,男,37025
平成23,2011,市内移動_転入,女,34825
平成23,2011,市内移動_転出,総数,71768
平成23,2011,市内移動_転出,男,36959
平成23,2011,市内移動_転出,女,34809
平成23,2011,その他増減,総数,121
平成23,2011,その他増減,男,-261
平成23,2011,その他増減,女,382
平成23,2011,自然増減,総数,2808
平成23,2011,自然増減,男,521
平成23,2011,自然増減,女,2287
平成23,2011,出生,総数,31296
平成23,2011,出生,男,16149
平成23,2011,出生,女,15147
平成23,2011,死亡,総数,28488
平成23,2011,死亡,男,15628
平成23,2011,死亡,女,12860
平成23,2011,人口増減率,,0.06009
平成23,2011,社会増減率,,-0.01598
平成23,2011,自然増減率,,0.07607
平成24,2012,世帯数増減,,11584
平成24,2012,人口増減,総数,5795
平成24,2012,人口増減,男,88
平成24,2012,人口増減,女,5707
平成24,2012,社会増減,総数,3335
平成24,2012,社会増減,男,-47
平成24,2012,社会増減,女,3382
平成24,2012,市外移動_転入,総数,141289
平成24,2012,市外移動_転入,男,76136
平成24,2012,市外移動_転入,女,65153
平成24,2012,市外移動_転出,総数,137784
平成24,2012,市外移動_転出,男,75812
平成24,2012,市外移動_転出,女,61972
平成24,2012,市内移動_転入,総数,73479
平成24,2012,市内移動_転入,男,37906
平成24,2012,市内移動_転入,女,35573
平成24,2012,市内移動_転出,総数,73381
平成24,2012,市内移動_転出,男,37840
平成24,2012,市内移動_転出,女,35541
平成24,2012,その他増減,総数,-268
平成24,2012,その他増減,男,-437
平成24,2012,その他増減,女,169
平成24,2012,自然増減,総数,2460
平成24,2012,自然増減,男,135
平成24,2012,自然増減,女,2325
平成24,2012,出生,総数,31623
平成24,2012,出生,男,16153
平成24,2012,出生,女,15470
平成24,2012,死亡,総数,29163
平成24,2012,死亡,男,16018
平成24,2012,死亡,女,13145
平成24,2012,人口増減率,,0.15699
平成24,2012,社会増減率,,0.09035
平成24,2012,自然増減率,,0.06664
平成25,2013,世帯数増減,,12011
平成25,2013,人口増減,総数,6223
平成25,2013,人口増減,男,1126
平成25,2013,人口増減,女,5097
平成25,2013,社会増減,総数,4688
平成25,2013,社会増減,男,1242
平成25,2013,社会増減,女,3446
平成25,2013,市外移動_転入,総数,140356
平成25,2013,市外移動_転入,男,75841
平成25,2013,市外移動_転入,女,64515
平成25,2013,市外移動_転出,総数,132953
平成25,2013,市外移動_転出,男,72702
平成25,2013,市外移動_転出,女,60251
平成25,2013,市内移動_転入,総数,73269
平成25,2013,市内移動_転入,男,37714
平成25,2013,市内移動_転入,女,35555
平成25,2013,市内移動_転出,総数,73183
平成25,2013,市内移動_転出,男,37655
平成25,2013,市内移動_転出,女,35528
平成25,2013,その他増減,総数,-2801
平成25,2013,その他増減,男,-1956
平成25,2013,その他増減,女,-845
平成25,2013,自然増減,総数,1535
平成25,2013,自然増減,男,-116
平成25,2013,自然増減,女,1651
平成25,2013,出生,総数,30753
平成25,2013,出生,男,15794
平成25,2013,出生,女,14959
平成25,2013,死亡,総数,29218
平成25,2013,死亡,男,15910
平成25,2013,死亡,女,13308
平成25,2013,人口増減率,,0.16832
平成25,2013,社会増減率,,0.1268
平成25,2013,自然増減率,,0.04152
平成26,2014,世帯数増減,,13965
平成26,2014,人口増減,総数,8192
平成26,2014,人口増減,男,2451
平成26,2014,人口増減,女,5741
平成26,2014,社会増減,総数,7579
平成26,2014,社会増減,男,2995
平成26,2014,社会増減,女,4584
平成26,2014,市外移動_転入,総数,138809
平成26,2014,市外移動_転入,男,75313
平成26,2014,市外移動_転入,女,63496
平成26,2014,市外移動_転出,総数,129947
平成26,2014,市外移動_転出,男,71288
平成26,2014,市外移動_転出,女,58659
平成26,2014,市内移動_転入,総数,71536
平成26,2014,市内移動_転入,男,36802
平成26,2014,市内移動_転入,女,34734
平成26,2014,市内移動_転出,総数,71475
平成26,2014,市内移動_転出,男,36753
平成26,2014,市内移動_転出,女,34722
平成26,2014,その他増減,総数,-1344
平成26,2014,その他増減,男,-1079
平成26,2014,その他増減,女,-265
平成26,2014,自然増減,総数,613
平成26,2014,自然増減,男,-544
平成26,2014,自然増減,女,1157
平成26,2014,出生,総数,30780
平成26,2014,出生,男,15789
平成26,2014,出生,女,14991
平成26,2014,死亡,総数,30167
平成26,2014,死亡,男,16333
平成26,2014,死亡,女,13834
平成26,2014,人口増減率,,0.22121
平成26,2014,社会増減率,,0.20466
平成26,2014,自然増減率,,0.01655
平成27,2015,世帯数増減,,14648
平成27,2015,人口増減,総数,7047
平成27,2015,人口増減,男,1759
平成27,2015,人口増減,女,5288
平成27,2015,社会増減,総数,6852
平成27,2015,社会増減,男,2477
平成27,2015,社会増減,女,4375
平成27,2015,市外移動_転入,総数,144035
平成27,2015,市外移動_転入,男,78402
平成27,2015,市外移動_転入,女,65633
平成27,2015,市外移動_転出,総数,135954
平成27,2015,市外移動_転出,男,74673
平成27,2015,市外移動_転出,女,61281
平成27,2015,市内移動_転入,総数,74142
平成27,2015,市内移動_転入,男,38169
平成27,2015,市内移動_転入,女,35973
平成27,2015,市内移動_転出,総数,74043
平成27,2015,市内移動_転出,男,38091
平成27,2015,市内移動_転出,女,35952
平成27,2015,その他増減,総数,-1328
平成27,2015,その他増減,男,-1330
平成27,2015,その他増減,女,2
平成27,2015,自然増減,総数,195
平成27,2015,自然増減,男,-718
平成27,2015,自然増減,女,913
平成27,2015,出生,総数,30928
平成27,2015,出生,男,15898
平成27,2015,出生,女,15030
平成27,2015,死亡,総数,30733
平成27,2015,死亡,男,16616
平成27,2015,死亡,女,14117
平成27,2015,人口増減率,,0.18987
平成27,2015,社会増減率,,0.18462
平成27,2015,自然増減率,,0.00525
平成28,2016,世帯数増減,,14654
平成28,2016,人口増減,総数,6401
平成28,2016,人口増減,男,1559
平成28,2016,人口増減,女,4842
平成28,2016,社会増減,総数,8485
平成28,2016,社会増減,男,3439
平成28,2016,社会増減,女,5046
平成28,2016,市外移動_転入,総数,140829
平成28,2016,市外移動_転入,男,76354
平成28,2016,市外移動_転入,女,64475
平成28,2016,市外移動_転出,総数,132234
平成28,2016,市外移動_転出,男,72496
平成28,2016,市外移動_転出,女,59738
平成28,2016,市内移動_転入,総数,69617
平成28,2016,市内移動_転入,男,35871
平成28,2016,市内移動_転入,女,33746
平成28,2016,市内移動_転出,総数,69527
平成28,2016,市内移動_転出,男,35802
平成28,2016,市内移動_転出,女,33725
平成28,2016,その他増減,総数,-200
平成28,2016,その他増減,男,-488
平成28,2016,その他増減,女,288
平成28,2016,自然増減,総数,-2084
平成28,2016,自然増減,男,-1880
平成28,2016,自然増減,女,-204
平成28,2016,出生,総数,29749
平成28,2016,出生,男,15171
平成28,2016,出生,女,14578
平成28,2016,死亡,総数,31833
平成28,2016,死亡,男,17051
平成28,2016,死亡,女,14782
平成28,2016,人口増減率,,0.17185
平成28,2016,社会増減率,,0.2278
平成28,2016,自然増減率,,-0.05595
平成29,2017,世帯数増減,,13599
平成29,2017,人口増減,総数,1988
平成29,2017,人口増減,男,-1267
平成29,2017,人口増減,女,3255
平成29,2017,社会増減,総数,6061
平成29,2017,社会増減,男,1826
平成29,2017,社会増減,女,4235
平成29,2017,市外移動_転入,総数,140759
平成29,2017,市外移動_転入,男,75655
平成29,2017,市外移動_転入,女,65104
平成29,2017,市外移動_転出,総数,134518
平成29,2017,市外移動_転出,男,73460
平成29,2017,市外移動_転出,女,61058
平成29,2017,市内移動_転入,総数,69693
平成29,2017,市内移動_転入,男,35612
平成29,2017,市内移動_転入,女,34081
平成29,2017,市内移動_転出,総数,69627
平成29,2017,市内移動_転出,男,35560
平成29,2017,市内移動_転出,女,34067
平成29,2017,その他増減,総数,-246
平成29,2017,その他増減,男,-421
平成29,2017,その他増減,女,175
平成29,2017,自然増減,総数,-4073
平成29,2017,自然増減,男,-3093
平成29,2017,自然増減,女,-980
平成29,2017,出生,総数,28611
平成29,2017,出生,男,14609
平成29,2017,出生,女,14002
平成29,2017,死亡,総数,32684
平成29,2017,死亡,男,17702
平成29,2017,死亡,女,14982
平成29,2017,人口増減率,,0.05328
平成29,2017,社会増減率,,0.16245
平成29,2017,自然増減率,,-0.10916
平成30,2018,世帯数増減,,18009
平成30,2018,人口増減,総数,7860
平成30,2018,人口増減,男,2916
平成30,2018,人口増減,女,4944
平成30,2018,社会増減,総数,13456
平成30,2018,社会増減,男,6324
平成30,2018,社会増減,女,7132
平成30,2018,市外移動_転入,総数,147977
平成30,2018,市外移動_転入,男,79534
平成30,2018,市外移動_転入,女,68443
平成30,2018,市外移動_転出,総数,134397
平成30,2018,市外移動_転出,男,72724
平成30,2018,市外移動_転出,女,61673
平成30,2018,市内移動_転入,総数,70864
平成30,2018,市内移動_転入,男,36211
平成30,2018,市内移動_転入,女,34653
平成30,2018,市内移動_転出,総数,70824
平成30,2018,市内移動_転出,男,36180
平成30,2018,市内移動_転出,女,34644
平成30,2018,その他増減,総数,-164
平成30,2018,その他増減,男,-517
平成30,2018,その他増減,女,353
平成30,2018,自然増減,総数,-5596
平成30,2018,自然増減,男,-3408
平成30,2018,自然増減,女,-2188
平成30,2018,出生,総数,27891
平成30,2018,出生,男,14351
平成30,2018,出生,女,13540
平成30,2018,死亡,総数,33487
平成30,2018,死亡,男,17759
平成30,2018,死亡,女,15728
平成30,2018,人口増減率,,0.21055
平成30,2018,社会増減率,,0.36045
平成30,2018,自然増減率,,-0.1499
令和元,2019,世帯数増減,,20746
令和元,2019,人口増減,総数,8985
令和元,2019,人口増減,男,3866
令和元,2019,人口増減,女,5119
令和元,2019,社会増減,総数,16185
令和元,2019,社会増減,男,8272
令和元,2019,社会増減,女,7913
令和元,2019,市外移動_転入,総数,151930
令和元,2019,市外移動_転入,男,82125
令和元,2019,市外移動_転入,女,69805
令和元,2019,市外移動_転出,総数,135653
令和元,2019,市外移動_転出,男,73418
令和元,2019,市外移動_転出,女,62235
令和元,2019,市内移動_転入,総数,69242
令和元,2019,市内移動_転入,男,35292
令和元,2019,市内移動_転入,女,33950
令和元,2019,市内移動_転出,総数,69195
令和元,2019,市内移動_転出,男,35250
令和元,2019,市内移動_転出,女,33945
令和元,2019,その他増減,総数,-139
令和元,2019,その他増減,男,-477
令和元,2019,その他増減,女,338
令和元,2019,自然増減,総数,-7200
令和元,2019,自然増減,男,-4406
令和元,2019,自然増減,女,-2794
令和元,2019,出生,総数,26394
令和元,2019,出生,男,13522
令和元,2019,出生,女,12872
令和元,2019,死亡,総数,33594
令和元,2019,死亡,男,17928
令和元,2019,死亡,女,15666
令和元,2019,人口増減率,,0.24018
令和元,2019,社会増減率,,0.43264
令和元,2019,自然増減率,,-0.19246
令和２,2020,世帯数増減,,19134
令和２,2020,人口増減,総数,5278
令和２,2020,人口増減,男,2016
令和２,2020,人口増減,女,3262
令和２,2020,社会増減,総数,13481
令和２,2020,社会増減,男,6914
令和２,2020,社会増減,女,6567
令和２,2020,市外移動_転入,総数,142051
令和２,2020,市外移動_転入,男,76766
令和２,2020,市外移動_転入,女,65285
令和２,2020,市外移動_転出,総数,127562
令和２,2020,市外移動_転出,男,69265
令和２,2020,市外移動_転出,女,58297
令和２,2020,市内移動_転入,総数,70573
令和２,2020,市内移動_転入,男,35829
令和２,2020,市内移動_転入,女,34744
令和２,2020,市内移動_転出,総数,70532
令和２,2020,市内移動_転出,男,35802
令和２,2020,市内移動_転出,女,34730
令和２,2020,その他増減,総数,-1049
令和２,2020,その他増減,男,-614
令和２,2020,その他増減,女,-435
令和２,2020,自然増減,総数,-8203
令和２,2020,自然増減,男,-4898
令和２,2020,自然増減,女,-3305
令和２,2020,出生,総数,25720
令和２,2020,出生,男,13218
令和２,2020,出生,女,12502
令和２,2020,死亡,総数,33923
令和２,2020,死亡,男,18116
令和２,2020,死亡,女,15807
令和２,2020,人口増減率,,0.14075
令和２,2020,社会増減率,,0.3595
令和２,2020,自然増減率,,-0.21875
令和３,2021,世帯数増減,,12361
令和３,2021,人口増減,総数,-4257
令和３,2021,人口増減,男,-4056
令和３,2021,人口増減,女,-201
令和３,2021,社会増減,総数,7200
令和３,2021,社会増減,男,2355
令和３,2021,社会増減,女,4845
令和３,2021,市外移動_転入,総数,139021
令和３,2021,市外移動_転入,男,74145
令和３,2021,市外移動_転入,女,64876
令和３,2021,市外移動_転出,総数,131362
令和３,2021,市外移動_転出,男,71327
令和３,2021,市外移動_転出,女,60035
令和３,2021,市内移動_転入,総数,70660
令和３,2021,市内移動_転入,男,35915
令和３,2021,市内移動_転入,女,34745
令和３,2021,市内移動_転出,総数,70628
令和３,2021,市内移動_転出,男,35891
令和３,2021,市内移動_転出,女,34737
令和３,2021,その他増減,総数,-491
令和３,2021,その他増減,男,-487
令和３,2021,その他増減,女,-4
令和３,2021,自然増減,総数,-11457
令和３,2021,自然増減,男,-6411
令和３,2021,自然増減,女,-5046
令和３,2021,出生,総数,24876
令和３,2021,出生,男,12767
令和３,2021,出生,女,12109
令和３,2021,死亡,総数,36333
令和３,2021,死亡,男,19178
令和３,2021,死亡,女,17155
令和３,2021,人口増減率,,-0.11273
令和３,2021,社会増減率,,0.19066
令和３,2021,自然増減率,,-0.30339
令和４,2022,世帯数増減,,15782
令和４,2022,人口増減,総数,-2434
令和４,2022,人口増減,男,-2849
令和４,2022,人口増減,女,415
令和４,2022,社会増減,総数,13305
令和４,2022,社会増減,男,6112
令和４,2022,社会増減,女,7193
令和４,2022,市外移動_転入,総数,148132
令和４,2022,市外移動_転入,男,79437
令和４,2022,市外移動_転入,女,68695
令和４,2022,市外移動_転出,総数,135172
令和４,2022,市外移動_転出,男,73282
令和４,2022,市外移動_転出,女,61890
令和４,2022,市内移動_転入,総数,67236
令和４,2022,市内移動_転入,男,34144
令和４,2022,市内移動_転入,女,33092
令和４,2022,市内移動_転出,総数,67210
令和４,2022,市内移動_転出,男,34126
令和４,2022,市内移動_転出,女,33084
令和４,2022,その他増減,総数,319
令和４,2022,その他増減,男,-61
令和４,2022,その他増減,女,380
令和４,2022,自然増減,総数,-15739
令和４,2022,自然増減,男,-8961
令和４,2022,自然増減,女,-6778
令和４,2022,出生,総数,23785
令和４,2022,出生,男,12002
令和４,2022,出生,女,11783
令和４,2022,死亡,総数,39524
令和４,2022,死亡,男,20963
令和４,2022,死亡,女,18561
令和４,2022,人口増減率,,-0.06453
令和４,2022,社会増減率,,0.35273
令和４,2022,自然増減率,,-0.41726
令和５,2023,世帯数増減,,17711
令和５,2023,人口増減,総数,-375
令和５,2023,人口増減,男,-1496
令和５,2023,人口増減,女,1121
令和５,2023,社会増減,総数,16117
令和５,2023,社会増減,男,7789
令和５,2023,社会増減,女,8328
令和５,2023,市外移動_転入,総数,149213
令和５,2023,市外移動_転入,男,80115
令和５,2023,市外移動_転入,女,69098
令和５,2023,市外移動_転出,総数,133972
令和５,2023,市外移動_転出,男,72481
令和５,2023,市外移動_転出,女,61491
令和５,2023,市内移動_転入,総数,67131
令和５,2023,市内移動_転入,男,34032
令和５,2023,市内移動_転入,女,33099
令和５,2023,市内移動_転出,総数,67112
令和５,2023,市内移動_転出,男,34020
令和５,2023,市内移動_転出,女,33092
令和５,2023,その他増減,総数,857
令和５,2023,その他増減,男,143
令和５,2023,その他増減,女,714
令和５,2023,自然増減,総数,-16492
令和５,2023,自然増減,男,-9285
令和５,2023,自然増減,女,-7207
令和５,2023,出生,総数,22954
令和５,2023,出生,男,11669
令和５,2023,出生,女,11285
令和５,2023,死亡,総数,39446
令和５,2023,死亡,男,20954
令和５,2023,死亡,女,18492
令和５,2023,人口増減率,,-0.00995
令和５,2023,社会増減率,,0.42755
令和５,2023,自然増減率,,-0.4375
令和６,2024,世帯数増減,,19205
令和６,2024,人口増減,総数,364
令和６,2024,人口増減,男,-76
令和６,2024,人口増減,女,440
令和６,2024,社会増減,総数,18802
令和６,2024,社会増減,男,9766
令和６,2024,社会増減,女,9036
令和６,2024,市外移動_転入,総数,151791
令和６,2024,市外移動_転入,男,81890
令和６,2024,市外移動_転入,女,69901
令和６,2024,市外移動_転出,総数,134061
令和６,2024,市外移動_転出,男,72458
令和６,2024,市外移動_転出,女,61603
令和６,2024,市内移動_転入,総数,65149
令和６,2024,市内移動_転入,男,33035
令和６,2024,市内移動_転入,女,32114
令和６,2024,市内移動_転出,総数,65137
令和６,2024,市内移動_転出,男,33022
令和６,2024,市内移動_転出,女,32115
令和６,2024,その他増減,総数,1060
令和６,2024,その他増減,男,321
令和６,2024,その他増減,女,739
令和６,2024,自然増減,総数,-18438
令和６,2024,自然増減,男,-9842
令和６,2024,自然増減,女,-8596
令和６,2024,出生,総数,22137
令和６,2024,出生,男,11471
令和６,2024,出生,女,10666
令和６,2024,死亡,総数,40575
令和６,2024,死亡,男,21313
令和６,2024,死亡,女,19262
令和６,2024,人口増減率,,0.00966
令和６,2024,社会増減率,,0.49883
令和６,2024,自然増減率,,-0.48917
令和７,2025,世帯数増減,,19406
令和７,2025,人口増減,総数,164
令和７,2025,人口増減,男,-743
令和７,2025,人口増減,女,907
令和７,2025,社会増減,総数,18896
令和７,2025,社会増減,男,9484
令和７,2025,社会増減,女,9412
令和７,2025,市外移動_転入,総数,152685
令和７,2025,市外移動_転入,男,82542
令和７,2025,市外移動_転入,女,70143
令和７,2025,市外移動_転出,総数,134070
令和７,2025,市外移動_転出,男,72994
令和７,2025,市外移動_転出,女,61076
令和７,2025,市内移動_転入,総数,66082
令和７,2025,市内移動_転入,男,33516
令和７,2025,市内移動_転入,女,32566
令和７,2025,市内移動_転出,総数,66068
令和７,2025,市内移動_転出,男,33504
令和７,2025,市内移動_転出,女,32564
令和７,2025,その他増減,総数,267
令和７,2025,その他増減,男,-76
令和７,2025,その他増減,女,343
令和７,2025,自然増減,総数,-18732
令和７,2025,自然増減,男,-10227
令和７,2025,自然増減,女,-8505
令和７,2025,出生,総数,21831
令和７,2025,出生,男,11242
令和７,2025,出生,女,10589
令和７,2025,死亡,総数,40563
令和７,2025,死亡,男,21469
令和７,2025,死亡,女,19094
令和７,2025,人口増減率,,0.00435
令和７,2025,社会増減率,,0.50128
令和７,2025,自然増減率,,-0.49692
